goodsname,goodsprice
롯데)아이시스8.0(2.0L),1700
유어스(P)할리스리스트레또300ML,2500
유어스(P)할리스콜드브루300ML,2500
OKF)알로에베라킹500ML,1900
팜트리)궁중발효홍삼세트(10입),22000
정식품)검은참깨두유팩190ML,900
정식품)한끼두유팩190ML,900
정식품)베지밀검은콩190ML,900
웅진)장쾌삼발효홍삼력세트[D2],39000
CJ)인삼한뿌리,4000
CJ)홍삼한뿌리,5000
CJ)한뿌리마,2500
정관장)홍삼원D100ML,1000
정관장)홍삼원골드100ML(파우치),1500
코카)씨그램라임탄산수350ML,1300
코카)씨그램레몬탄산수350ML,1300
아워티)레몬얼그레이티500(신),2000
아워티)오렌지자몽블랙티500(신),2000
롯데)오랑지나420ML,2000
롯데)칠성사이다로어슈거250ML,1400
광동)돼지감자차500ML,1600
하이트)블랙보리340ML,1200
일화)천연사이다350ML,1200
아리아)패션쿨마스크,4800
하림)애견간식건강볼(관절),2800
하림)애견간식건강볼(피부),2800
웅진)빅토리아레몬500ML,1200
웅진)빅토리아청포도500ML,1200
자연은)요거상큼복숭아340ML,1300
자연은)요거풋풋사과340ML,1300
GS)목에좋은도담차500ML,1600
건강한)순수한면라이너20P,4600
아침)꿀고구마(130G/진공포장),2000
아침)꿀단호박(100G/진공포장),2000
아카시아스틱꿀15G,1000
야생화스틱꿀15G,1000
한끼항정살180G(냉동),5500
네슬레)프루팁스레몬맛1000,1000
네슬레)프루팁스오리지널1000,1000
네슬레)프루팁스자몽맛1000,1000
광동)헛개파워100ML,4500
동아)컨피던스병230ML,1500
동아)데자와로얄밀크티500ML,2000
동아)이카리아아메리카노450ML,2500
코카)스프라이트익스트림350ML,1500
오뚜기)진라면매운맛(소컵),750
오뚜기)진라면순한맛(소컵),750
오뚜기)떡라면(용기),2000
오뚜기)열라면(용기),950
볶음아몬드30G,1000
볶음캐슈넛30G,1000
호두25G,1000
돌)아이스애플망고바80G,1500
용두동)할매쭈꾸미150G(냉장),5900
밥도둑)양념게장200G(냉장),5900
맛진미채90G(냉장),5900
물메기채45G(냉장),3800
복어꼬리포30G(냉장),3800
아귀채45G(냉장),3800
대구노가리30G,3500
도톰한오징어25G,3500
매일)셀렉스프로틴드링크330ML,2900
매콤직화오돌뼈볶음182G,6900
천지)한라봉스파클링355ML,1200
천지개벽)한라봉스파클링355ML,1200
콜리안)초콜릿와플1500,1500
보노미)페스튜리2000,2000
위스트)슈퍼링치즈1200,1200
프링글스매운맛(소)1700,1700
프링글스양파53G(소),1700
프링글스오리지날53G(소),1700
프링글스클래식(소),1700
프링글스매콤한맛(대),3500
프링글스양파맛(대),3500
프링글스오리지날(대),3500
프링글스치즈맛(대),3500
프링글스크리미쉬림프(대)3500,3500
프링글스클래식(대),3500
동서)골든그래놀라밀크바1200,1200
동서)콘푸라이트밀크바1200,1200
동서)리츠레몬샌드1900,1900
리츠샌드위치크래커1900,1900
해태)오예스(쿠키&크림)6000,6000
해태)오예스6000,6000
동서)리츠크래커1500,1500
해태)사브레84G,1500
해태)에이스1500,1500
오레오)웨하스스틱초코2500,2500
동서)오레오쏠티드카라멜1700[D2,1700
오레오레드벨벳1700,1700
해태)맛동산2000,2000
해태)맛볼1500,1500
해태)무지방우유홈런볼1500,1500
해태)빠닭1500,1500
해태)빠새1500,1500
해태)초코홈런볼1500,1500
해태)허니버터칩프로마쥬블랑60G,1500
오리온)다이제미니초코1200,1200
오리온)다이제씬1200,1200
오리온)닥터유에너지바1200,1200
오리온)왕고래밥볶음1200,1200
오리온)도도한나쵸(치즈맛)1500,1500
오리온)땅콩강정1500,1500
오리온)스윙칩(볶음고추장)1500,1500
오리온)오징어땅콩1500,1500
농심)꿀꽈배기1500,1500
농심)닭다리1500,1500
농심)바나나킥1500,1500
농심)양파링1500,1500
농심)오징어집1500,1500
에낙라면과자500,500
구어메이)공갈호떡맛스낵1500,1500
오맛포매운맛1600,1600
오맛포오리지널1600,1600
롯데)에어베이크드어니언70G,2000
롯데)에어베이크드팝칩50G,2000
롯데)에어베이크드포테이토70G,2000
롯데)꼬깔콘(매콤달콤)1500,1500
롯데)꼬깔콘고소한맛1500,1500
롯데)꼬깔콘군옥수수1500,1500
롯데)꼬깔콘멘보샤맛72G,1500
롯데)꼬깔콘치먹스파이시맛72G,1500
롯데)도리토스(갈비천왕)1500,1500
롯데)도리토스(나쵸치즈맛)1500,1500
롯데)오잉1500,1500
롯데)치토스(매콤달콤)1500,1500
롯데)치토스스모키바베큐1500,1500
유어스)출출세포깡간장마요1500,1500
유어스)출출세포깡매콤달콤1500,1500
크라운)빅파이3200,3200
롯데)초단백질바1200,1200
롯데)초에너지바1200,1200
크라운)쿠크다스3000,3000
롯데)쁘띠몽쉘레몬그린티102G,2000
롯데)쁘띠몽쉘커스타드카라멜,2000
롯데)칸쵸컵2000,2000
크라운)산도(딸기)2500,2500
롯데)야채크래커1500,1500
롯데)제크오리지널1500,1500
크라운)그레이스85G,1300
롯데)몬스터마가렛트애플잼40G,1200
롯데)몬스터마가렛트티라미수40G,1200
롯데)몬스터칙촉(쇼콜라)1200,1200
롯데)몬스터칙촉(티라미슈)1200,1200
크라운)뽀또치즈1500,1500
크라운)카라멜&땅콩1200,1200
명도)핫꼬부리1000,1000
크라운)죠리퐁1500,1500
크라운)츄러스허니시나몬맛1500,1500
크라운)카라멜콘메이플1500,1500
프렌치프레첼,2800
롯데)크런키크리미(밀크)1500,1500
롯데)크런키크리미(헤이즐)1500,1500
일신)위메이드밀크쿠키120G,3800
허쉬)골드초콜릿1500,1500
허쉬)밀크초콜릿1500,1500
허쉬)아몬드초콜릿1500,1500
허쉬)쿠키앤초코초콜릿1500,1500
허쉬)쿠키앤크림초콜릿1500,1500
롯데)에그짱캐스퍼4000,4000
아띠)카라다라이스볼1500,1500
롯데)가나초코바아몬드1000,1000
롯데)크런키더블크런치1000,1000
아띠)댄케이크버터쿠키18G,800
아띠)댄케이크초코칩쿠키20G,800
롯데)ABC초코2000,2000
롯데)크런키카쿠볼1500,1500
롯데)가나마일드2000,2000
롯데)가나밀크2000,2000
아띠)댄케이크미니초콜릿칩쿠키,1200
아띠)댄케이크미니크리미키스,1200
롯데)크런키초콜릿1000,1000
롯데)핵짱셔요콜라1000,1000
롯데)핵짱셔요후르츠1000,1000
롯데)스크류바젤리1500,1500
롯데)수박바젤리1200,1200
롯데)죠스바젤리1200,1200
롯데)청포도젤리1200,1200
롯데)공부할때씹는껌1500,1500
롯데)운동할때씹는껌1500,1500
롯데)왓따딸기500,500
롯데)왓따복숭아500,500
롯데)왓따청포도500,500
롯데)왓따콜라500,500
롯데)왓따흔한남매500,500
크라운)고단백질초코바1500,1500
크라운)마이쮸딸기1500,1500
크라운)마이쮸포도1500,1500
크라운)거꾸로하임초코1500,1500
크라운)거꾸로하임화이트1500,1500
자이니)크로키초콜릿(걸)1800,1800
자이니)크로키초콜릿(보이)1800,1800
미성)실카아몬드초콜릿1000,1000
미성)실카크리스피초콜릿1000,1000
유어스)그랜드야쿠르트젤리1300,1300
아띠)히말라야쏠트캔디1000,1000
아띠)석류피쉬콜라겐2000,2000
아띠)자몽프로틴2000,2000
네슬레)킷캣핑거1200,1200
정화)버터구이왕다리3200,3200
정화)정품오징어30G,5300
정화)석쇠구이오징어볶음땅콩60G,6500
정화)오징어는땅콩을(대)51G,5300
유어스)어드밴스그랜드치약220G,4500
포인트)립앤아이리무버140ML,10900
뉴케라시스데미지샴푸250ML,5500
비페스타)휴대용클렌징워터60ML,3800
가그린)오리지널100ML,1900
가그린)제로100ML,1900
아비노)데일리로션71ML,6900
리스테린)그린티100ML,2100
리스테린)쿨민트100ML,2100
리스테린)그린티250ML,5000
페리오휴대용치약칫솔세트,3500
애경)NEW스파크1KG,4200
청우)대관령우유캔디1600,1600
신화)불닭맛쥐포3500,3500
신화)촉촉한버터구이오징어42G,4500
흥선)밀카스트로베리바1500,1500
흥선)밀카오레오바1500,1500
흥선)밀카밀크초콜릿2900,2900
흥선)밀카스트로베리2900,2900
흥선)밀카오레오초콜릿2900,2900
타블론밀크초콜릿35G,1500
몬델리즈)호올스멘토립투스1000,1000
몬델리즈)호올스블루베리1000,1000
몬델리즈)호올스아이스블루1000,1000
몬델리즈)호올스자몽1000,1000
몬델리즈)호올스하니레몬1000,1000
흥선)아이스붐딸기맛1500,1500
흥선)아이스붐레몬맛1500,1500
흥선)아이스붐복숭아맛1500,1500
흥선)아이스붐자몽맛1500,1500
쏘피)내몸에순한면라이너28P,4400
HAO)밀크츄딸기맛1500,1500
HAO)밀크츄옥수수맛1500,1500
해태)티피(오리지널)1200,1200
해태)티피(크리스피)1200,1200
해태)자유시간골드1000,1000
해태)자유시간아몬드1000,1000
해태)연양갱900,900
마즈)이클립스스트로베리2500,2500
마즈)이클립스스피어민트2500,2500
마즈)이클립스페퍼민트2500,2500
마즈)이클립스피치2500,2500
마즈)스키틀즈사우워1000,1000
마즈)트윅스싱글4바1900,1900
마즈)트윅스1200,1200
마즈)M&MS밀크초콜릿1200,1200
마즈)M&MS크리스피1200,1200
마즈)M&MS피넛초콜릿1200,1200
광동)우엉차500ML,1600
광동)힘찬하루헛개차500ML,1600
로아카)다크초콜릿2500,2500
로아카)밀크초콜릿2500,2500
로아카)화이트초콜릿2500,2500
오리온)핫브레이크1000,1000
오리온)비틀즈(사워)700,700
오리온)비틀즈700,700
그르르)닭가슴살22G(게살맛),900
그르르)닭가슴살22G(오리지날),900
롯데)숙취해소깨수깡160ML,5000
롯데)레몬1000C+140ML,1000
순수향)한입갈비만두180G,2800
롯데)2%부족할때자두500ML,1700
롯데)게토레이블루볼트600ML,2000
롯데)트레비라임500ML,1700
롯데)트레비레몬500ML,1700
롯데)트레비자몽500ML,1700
칸타타)콘트라베이스라떼PET500,2500
칸타타)콘트라베이스블랙PET500,2500
칸타타)콘트라베이스스윗PET500,2500
트로피카나)스파클링망고355ML,1200
트로피카나)스파클링복숭아355ML,1200
트로피카나)스파클링오렌지355ML,1200
오뚜기)브리또페페로니125G,3000
롯데)밀키스캔320ML,1400
오뚜기)직화닭발150G,7900
오뚜기)직화오돌뼈150G,7900
롯데)펩시콜라600MLPET,1800
롯데)칠성사이다복숭아500ML,2000
롯데)칠성사이다청귤500ML,2000
ZK)휴대용수건,2900
오뚜기)불고기피자UNO180G,5500
오뚜기)콤비네이션피자UNO195G,5500
롯데)칠성스트롱사이다400ML,1700
롯데)펩시스트롱400ML,1700
오뚜기)새우볶음밥230G,3500
오뚜기)참치김치치즈볶음밥230G,3900
오뚜기)컵피자콤비네이션,3800
롯데)칠성사이다캔330ML,1600
롯데)핫식스더킹스톰330ML,2000
롯데)핫식스더킹파워330ML,2000
롯데)핫식스더킹펀치330ML,2000
롯데)핫식스더킹포스330ML,2000
CJ)비비고김치왕교자385G,4800
CJ)비비고매운왕교자315G,4800
CJ)비비고새우왕교자315G,4800
CJ)비비고왕교자420G,4800
CJ)비비고수제만두고기200G,3500
CJ)비비고수제만두김치200G,3500
롯데)빅핫도그140G,2400
해태)샤오롱만두180G(6입),2900
코주부)무안양파육포40G,3400
코주부)의성마늘육포40G,3800
광동)옥수수수염차500ML,1500
광동)힘찬하루헛개차1L,2000
광동)솔표위청수골드75ML,1000
광동)비타500캔240ML,1200
동우)유별난아몬드30G[D2],1000
동우)인절미맛호두25G,1400
HK)새싹차보리500ML,2000
HK)헛개수1L,2500
HK)헛개수500ML,2000
HK)헛개수340ML,1500
HK)컨디션100ML,5000
HK)컨디션레이디100ML,5000
하이트)블랙보리520ML,1600
하이트)블랙보리라이트520ML,1500
레드불)에너지드링크355ML,2900
동서)콜롬비아나마스터라떼500ML,2500
동서)콜롬비아나마스터블랙500ML,2500
동서)콜롬비아나마스터스윗500ML,2500
맥심)TOP더블랙380ML,2900
맥심)TOP마스터라떼380ML,2900
맥심)TOP스위트아메리카노380ML,2900
맥심)TOP더블랙275ML,2200
맥심)TOP마스터라떼275ML,2200
맥심)TOP스위트아메리카노275ML,2200
라벨리)초코앤쿠키컵474ML,3900
유어스(P)세부망고빙수280ML,3000
유어스(P)티라미수빙수280ML,3000
타르투포네로(코코아)아이스크림,2900
타르투포비앙코(바닐라)아이스,2900
CAFE25)블랙500ML,2500
CAFE25)헤이즐넛500ML,2500
강릉초당)순두부아이스크림,2500
강릉초당)초코순두부아이스크림,2500
라베스트)리치치즈케이크콘,2500
라베스트)민트초코콘,2500
라벨리)악마파르페,2500
유어스(P)크런키초코2500,2500
유어스)진심가득수박330ML,1800
유어스)하늘가득사과330ML,1800
유어스)하늘가득유자레몬330ML,1800
유어스)하늘가득자몽330ML,1800
라벨리)떠먹는요거트볼175ML,2000
빙)끌레도르쿠키앤크림바90ML,2000
빙그레)끌레도르에스프레소바90,2000
유어스(P)다크초코라즈베리바,2000
허쉬)밀크초코바,2000
허쉬)초코바,2000
허쉬)초코앤쿠키콘,2000
남양)십칠차340ML,1200
라벨리)티파니에서민트초코컵140,1800
롯데)더블비얀코,1800
롯데)더블비얀코초코185ML,1800
삼립)아시나요밀크샌드,1800
해태)부라보소프트카카오140ML,1800
해태)부라보소프트콘140ML,1800
남양)십칠차500ML,1500
삼양)크림까르보불닭(용기),1600
남양)FC킬링샷라떼500ML,2500
남양)FC킬링샷아메리카노500ML,2500
유어스(P)그랜드야쿠르트바80ML,1500
유어스(P)요구르트딸기바80ML,1500
영진)구론산바몬드오리지날150ML,1000
영진)구론산스파클링150ML,1000
해태)강원평창수2.0L,1400
농심)무파마큰사발,1600
농심)신라면블랙두부김치(용기),1600
농심)신라면블랙사발,1600
농심)오징어짬뽕큰사발,1600
해태)평창수프리미엄500ML,950
코카)썬키스트레몬에이드350ML,1500
해태)코코팜포도340ML,1200
파워에이드)마운틴블러스트600ML,2000
코카)태양의마테차500ML,1400
조지아)카페라떼240ML,1100
코카)스프라이트PET500ML,1800
코카)환타오렌지슬림캔250ML,1200
유어스)보솜이물티슈20매,2000
유어스)보솜이물티슈10매,1100
유어스)보솜이물티슈60매(캡형),5700
서울)아침에주스골든사과230ML,1500
서울)아침에주스제주감귤230ML,1500
서울)아침에주스청포도230ML,1500
서울)강릉커피라떼250ML,2300
서울)강릉커피블랙250ML,2300
서울)귀리우유190ML,1200
서울)흑임자우유190ML,1200
서울)딸기우유300ML,1500
서울)바나나우유300ML,1500
서울)초코우유300ML,1500
서울)커피우유300ML,1500
프리스키)파티믹스클래식(60G),4500
동아)오로나민C120ML,1000
웅진)이온더핏500ML,1500
유어스)동물농장애견사료(닭고기,4000
유어스)동물농장애견사료(연어),4000
유어스)웅진팥차500ML,1500
유어스)비비안팬티스타킹(검정),3500
유어스)비비안팬티스타킹(살구),3500
유어스)비비안팬티스타킹(살구)L,3500
웅진)광명찾은결명자차500ML,1500
웅진)누룽지차500ML,1500
모구모구큐브)리치320ML,1500
모구모구큐브)청포도320ML,1500
페넬로페)1+1팬티스타킹(검정),4200
페넬로페)1+1팬티스타킹(살구),4200
페넬로페)1+1팬티스타킹(커피),4200
동원)보성말차라떼500ML,2500
동원)보성홍차밀크티500ML,2500
유어스(P)지리산하동녹차500ML,2000
한독)레디큐프로120ML,6000
네슬레)퓨레키스(치킨&참치)4입,3500
바삭한현미쌀과자(애플)2000,2000
팬시피스트)연어캔(3입기획),5400
한독)레디큐120ML,5000
동원)뉴트리플랜흰살참치와멸치,1500
동원)뉴트리플랜흰살참치와치즈,1500
동원)애묘캔-흰살참치와닭가슴살,1500
동원)애묘파우치(참치와연어)80G,1500
유어스)동물농장애묘습식(멸치),1500
유어스)동물농장애묘습식(참치),1500
삼립)순살학센슬라이스190G,7900
일화)맥콜500ML,1800
일화)맥콜350ML,1500
일화)맥콜250ML,1300
대림)한입피자고르곤졸라80G,1900
대림)한입피자불고기80G,1900
대림)한입피자콤비네이션80G,1900
풀무원)국물떡볶이170G,2700
본죽)새우야채죽271.5G,3900
본죽)황태콩나물죽270G,3900
머거본)민트초코맛아몬드25G,1400
진주)오마이포켓깐계란70G,1800
샘표)질러마라육포30G,4300
샘표)질러직화육포45G,5800
샘표)질러부드러운우육포30G,4000
길림)군옥수수맛아몬드30G,1200
길림)민트초코아몬드25G,1300
길림)쿠키앤크림아몬드25G,1300
LG)C타입케이블(CTOC),12900
LG)가정용5핀충전기(2A),14500
길림)군옥수수맛아몬드130G,4500
길림)와사비맛아몬드130G,4500
길림)허니버터아몬드130G,4500
잠발라야스모크닭다리170G,3900
삼양)불닭반숙란2입,2000
나뚜루)마다가스카르바닐라콘,4300
나뚜루)제주녹차콘,4300
동아)모닝케어D100ML,5000
동아)모닝케어H100ML,5000
동아)모닝케어S100ML,5000
삼립)그릭닭가슴살후랑크70G,1800
삼립)펭수고저스틱45G,1600
농심)백산수500ML,950
농심)백산수2L,1700
활황)요구르트스파클링350ML,1500
GS)샤인머스캣향스파클링350ML,1200
콜드비타민플러스오렌지240ML,1400
콜드비타민플러스포도240ML,1400
삼양)치즈불닭볶음면(용기),1500
롯데)오가닉레드비트&배&토마토,1400
롯데)오가닉사과&당근125ML,1400
롯데)오가닉적포도&보라당근,1400
카카오프렌즈)복숭아스무디190ML,2000
다논)액티비아업딸기210ML,1900
다논)액티비아업복숭아210ML,1900
다논)액티비아업플레인210ML,1900
팔도)우동왕뚜껑,1150
팔도)짬뽕왕뚜껑,1150
푸르밀)칼로바이곡물250ML,2500
푸르밀)칼로바이초코250ML,2500
오뚜기)진라면순한맛,720
오뚜기)진짬뽕(용기),1600
오뚜기)크림진짬뽕(용기),1600
오뚜기)참깨라면(용기),1200
푸르밀)카페베네카페라떼컵200ML,1600
푸르밀)카페베네카페모카컵200ML,1600
농심)새우탕소컵,900
푸르밀)가나초코우유300ML,1500
농심)신라면건면사발,1500
맥심)TOP로스티라떼360ML,2400
맥심)TOP로스티블랙360ML,2400
맥심TOP)스위트아메리카노240ML,1800
맥심TOP)심플리스무스라떼240ML,1800
맥심TOP)심플리스무스블랙240ML,1800
농심)육개장큰사발,1150
농심)짜파게티큰사발,1150
농심)사천짜파게티(봉지),1150
남양)맛있는우유GT딸기300ML,1500
남양)맛있는우유GT초코300ML,1500
남양)맛있는우유GT커피300ML,1500
남양)초콜릿드링크초코에몽180ML,1000
남양)불가리스FIT딸기200ML,1900
남양)불가리스FIT플레인200ML,1900
남양)또떠불초코&그래놀라125G,1400
남양)또떠불하트초코125G,1400
남양)채움오렌지210ML,1900
남양)채움포도210ML,1900
남양)루카스더블샷라떼250ML,2000
남양)루카스라떼250ML,2000
남양)루카스아메리카노250ML,2000
남양)이오20S 135ML,1000
남양)FC로스터리슈크림라떼320ML,2500
남양)프렌치몽블랑라떼320ML,2500
남양)프렌치흑임자라떼320ML,2500
남양)FC로스터리모카리치,2000
남양)FC로스터리브라질옐로돌체,2000
남양)FC로스터리블랙글레이즈드,2000
남양)FC로스터리에스프레소라떼,2000
남양)FC로스터리카라멜리치,2000
남양)프렌치카페(벨벳비엔나모카,1500
남양)프렌치카페(카페오레),1500
남양)프렌치카페(카푸치노),1500
남양)프렌치카페카라멜마키아또,1500
양반)쇠고기큰죽404G,4500
양반)야채큰죽404G,4500
양반)전복큰죽404G,4500
양반)단호박죽285G,3900
양반)밤단팥죽285G,3900
양반)쇠고기죽285G,3900
양반)야채죽285G,3900
양반)영양닭죽285G,3900
유어스)양반전복죽285G,3900
양반)참치죽285G,3900
빙그레)오늘의과일야채ABC190ML,1200
빙그레)오늘의과일야채사과190ML,1200
빙그레)오늘의과일야채포도190ML,1200
동원)양반김(들기름김)5G,600
동원)양반전통김17G,1500
빙그레)통모짜스트링치즈18G,1200
동원)양반왕갈비탕460G,5900
동원)양반차돌된장찌개460G,5900
빙그레)뿌려먹는모짜렐라치즈25G,1000
동원)양반백합미역국460G,4500
동원)양반차돌육개장460G,4500
빙그레)쥬시쿨금귤감귤250ML,1500
빙그레)쥬시쿨에이드사과250ML,1500
빙그레)따옴한라봉청귤235ML,2000
빙)아카페라사이즈업스윗아메,2200
빙그레)아카페라사이즈업라떼,2200
빙그레)아카페라사이즈업바닐라,2200
빙그레)아카페라사이즈업아메리,2200
동원)리챔200G,5500
동원)매운리챔200G,5500
빙그레)아카페라마끼아또240ML,1600
빙그레)아카페라바닐라라떼240ML,1600
빙그레)아카페라아메리카노240ML,1600
빙그레)요플레토핑다크초코,1500
빙그레)요플레토핑프레첼&초코,1500
유어스)소고기미역국500G,3900
유어스)시원한황태해장국500G,3900
유어스)얼큰한육개장500G,3900
폰타나)머쉬룸크림수프(3입)[D2],3500
폰타나)브로콜리체다수프3입[D2],3500
폰타나)스위트콘수프(3입)[D2],3500
대상)마시는홍초복분자50ML[D2],1200
대상)마시는홍초석류50ML[D2],1200
종가집)맛김치80G,1200
동원)리챔120G,3500
동원)매운고추참치150G,3600
동원)라이트스탠다드아트캔135G,3300
CJ)비비고돼지고기김치찌개460G,6500
CJ)비비고스팸부대찌개460G,5900
CJ)비비고차돌된장찌개460G,6500
동원)고추참치100G,2700
CJ)누룽지닭백숙죽280G,3900
CJ)비비고단호박죽280G,3900
CJ)비비고버섯야채죽280G,3900
CJ)비비고소고기죽280G,3900
CJ)비비고전복죽280G,3900
CJ)비비고통단팥죽280G,3900
CJ)비비고흑임자죽280G,3900
CJ)햇반미역국밥(컵밥),3900
CJ)햇반사골곰탕국밥(컵밥),3900
CJ)햇반순두부찌개국밥(컵밥),3900
CJ)햇반육개장국밥(컵밥),3900
CJ)햇반콩나물국밥(컵밥),3900
CJ)햇반황태국밥(컵밥),3900
CJ)비비고김치볶음80G,1400
네슬레)핫쵸코오리지날원컵,1100
CJ)비비고소고기무국500G,4500
CJ)비비고소고기미역국500G,4500
CJ)비비고육개장500G,4500
CJ)비비고황태해장국500G,4500
CJ)스팸김치덮밥(컵밥),4500
CJ)햇반강된장보리비빔밥(컵밥),4500
CJ)햇반김치날치알밥(컵밥),4500
CJ)햇반낙지콩나물비빔밥(컵밥),4500
CJ)햇반버터장조림비빔밥,4500
CJ)햇반불고기덮밥(컵밥),4500
CJ)햇반설렁탕밥(컵밥),4500
CJ)햇반스팸마요덮밥(컵밥),4500
CJ)햇반제육덮밥(컵밥),4500
CJ)햇반치킨마요덮밥(컵밥),4500
네스카페)수프리모아메리카노20,4200
CJ)비비고베이컨김치볶음70G,1600
덴마크)요구르트딸기310ML,1900
덴마크)요구르트민트310ML,1900
덴마크)요구르트베리믹스310ML,1900
덴마크)요구르트복숭아310ML,1900
덴마크)요구르트사과310ML,1900
덴마크)요구르트자두310ML,1900
덴마크)요구르트청포도310ML,1900
덴마크)요구르트파인애플310ML,1900
덴마크)요구르트플레인310ML,1900
CJ)비비고썰은배추김치60G,1000
CJ)큰햇반300G,2500
CJ)쁘띠첼밀감160G,1800
CJ)쁘띠첼복숭아160G,1800
CJ)쁘띠첼포도160G,1800
덴마크)얼라이브망고250ML,1500
덴마크)얼라이브머스캣청포도250,1500
덴마크)얼라이브블러드오렌지250,1500
덴마크)얼라이브스위티자몽250ML,1500
CJ)햇반(원형)210G,1800
CJ)햇반(발아현미밥)210G,2400
CJ)햇반(오곡밥)210G,2400
CJ)햇반(찰잡곡밥)210G,2400
CJ)햇반(흑미밥)210G,2400
CJ)햇반매일잡곡밥210G,2400
덴마크)인포켓치즈20G,1300
덴마크)인포켓치즈라이트20G,1300
덴마크)인포켓치즈트러플맛20G,1300
네스카페)신선한모카원컵,1000
수프리모)스위트아메리카노원컵,1000
삼양)까르보불닭떡볶이179G,3000
삼양)불닭떡볶이185G,3000
덴마크)딸기딸기우유300ML,1500
덴마크)모닝시리얼우유310ML,1500
덴마크)민트초코우유310ML,1500
덴마크)블랙슈가밀크티300ML,1500
덴마크)초코초코우유300ML,1500
덴마크)카페라떼(민트),1500
덴마크)커피커피우유300ML,1500
덴마크)페퍼민트밀크티300ML,1500
Y)소세지어묵바90G,2000
야채어묵볼80G,2000
치즈어묵바90G,2000
오뚜기)구수한누룽지60G,2200
덴마크)커핑로드모카라떼300ML,2500
덴마크)커핑로드버터크림라떼300,2500
덴마크)커핑로드에스프레소라떼,2500
덴마크)커핑로드카페봉봉300ML,2500
덴마크)커핑로드흑당크림라떼300,2500
유어스)사천짜장떡볶이81G,1400
유어스)아주매운떡볶이81G,1400
유어스)체다치즈떡볶이79G,1400
유어스)쩐주단치즈폼흑당밀크티,2500
유어스)쩐주단흑당밀크티300ML,2500
유어스)타이거슈가흑당카페라떼,2500
훈제닭가슴살110G,2900
오리지널닭가슴살110G,2900
유어스)동파육200G,5900
유어스)장충동불족발180G,5900
오뚜기)뚝배기된장찌개285G,2800
오뚜기)뚝배기쇠고기미역국285G,2800
오뚜기)옛날삼계탕900G,9900
씨알)오곡초코볼420G,5900
씨알)크루통시리얼400G,5900
덴마크)콩카페연유라떼250ML,2000
덴마크)콩카페코코넛라떼250ML,2000
덴마크)콩카페코코넛카카오250ML,2000
오뚜기)남도식한우미역국500G,5900
오뚜기)부산식돼지국밥500G[D2],5900
오뚜기)안동식쇠고기국밥500G,5900
오뚜기)사골곰탕500G,1900
샘표)땡초장조림90G,3400
샘표)버터장조림90G,3400
샘표)불닭볶음장조림80G,3400
유어스)보양죽285G[D2],2900
매일)카페라떼마일드,1600
매일)카페라떼마일드로슈거,1600
매일)카페라떼카라멜,1600
오뚜기)김치찌개밥(컵밥),3500
오뚜기)김치참치덮밥(컵밥),3500
오뚜기)매콤낙지덮밥(컵밥),3500
오뚜기)볼케이노치밥(컵밥),3500
오뚜기)불닭마요덮밥(컵밥),3500
오뚜기)소시지카레덮밥(컵밥),3500
오뚜기)쇠고기미역국밥(컵밥),3500
오뚜기)제육덮밥(컵밥),3500
오뚜기)차돌강된장보리밥(컵밥),3500
오뚜기)참치마요덮밥(컵밥),3500
오뚜기)톡톡김치알밥(컵밥),3500
오뚜기)황태콩나물해장국밥(컵밥,3500
매일)상하미니칼슘체다치즈48G,2000
매일)상하미니크림치즈48G,2000
담터)쌍화차(원컵),1500
담터)아몬드호두율무차원컵,1500
유어스)위플렉스발효유140ML,1400
유어스)장플렉스발효유140ML,1400
매일)엔요280ML,1400
매일)바이오드링킹딸기250ML,1800
매일)바이오드링킹매실푸룬250ML,1800
매일)바이오드링킹블루베리250ML,1800
매일)바이오드링킹사과250ML,1800
매일)바이오드링킹플레인250ML,1800
매일)과일야채샐러드그린190ML,1800
매일)과일야채샐러드녹황190ML,1800
매일)과일야채샐러드레드190ML,1800
매일)과일야채샐러드퍼플190ML,1800
동서)오곡코코볼바25G,1200
동서)콘푸라이트베리요거트바27G,1200
Y)신선한스누피딸기우유250ML,1000
Y)신선한스누피초코우유250ML,1000
Y)신선한스누피커피우유250ML,1000
맥심)화이트골드믹스20입,4900
유어스)달고나라떼250ML,2000
맥심)모카골드믹스20입,4800
유어스(P)황제컵밥(컵밥),4500
매일)바리스타로슈거에스프레소,2000
매일)바리스타모카프레소250ML,2000
매일)바리스타스모키250ML,2000
매일)바리스타에스프레소라떼250,2000
매일)바리스타카라멜프레소250ML,2000
목우촌)너에게꼬치다90G,1700
한성)몬스터크랩72G,1800
한성)크래미90G,2200
한성)배즙숙성구이맛후랑크70G,1500
대림)랍스터킹128G,3100
대림)한입에꼬치다(매운맛)100G,2000
대림)한입에꼬치다100G,2000
유어스)쌍쌍핫바120G,2200
진주)천하장사BIG70G,2000
롯데)키스틱55G,1600
의성마늘프랑크140G(70G*2),3400
롯데)의성마늘후랑크70G,1800
CJ)삼호어묵얼큰오뎅한그릇360G,2700
CJ)삼호어묵오뎅한그릇360G,2700
CJ)맥스봉치즈70G,2000
CJ)맥스봉청양고추후랑크80G,2000
CJ)직화구이꼬치바90G,2000
CJ)스팸구이꼬치바80G,2500
유어스(P)2가지치즈소시지100G,1700
유어스(P)정통프랑크소시지100G,1700
